"RNA.gene1","RNA.gene2","RNA.gene3","RNA.gene4","RNA.gene5","PROT.gene22","PROT.gene23","PROT.gene24","PROT.gene25","PROT.gene26"
0.941497686105346,0.195806813282154,0.12619292105895,0.0122127279257205,0.160054959182917,0.898351020033733,1.68695982079519,1.08050342530899,1.15828100561733,1.02751901948786
0.725694081236971,1.37208496041862,1.33846458335574,0.651292732738898,1.37701280109843,0.59359191848643,0.00924932605234343,1.02617430998423,0.717505655841671,1.1596822555866
0.18363864131439,0.814964033976894,1.21248726204992,1.01904434878495,0.89371426420017,0.896799869263936,0.685231991712915,0.425925077448884,0.592646159162573,0.161610502646526
1.10429572560338,0.368891601823646,0,1.55596356908655,0.287799639775917,0.998300749808349,0.77345903063017,0.564920780566466,0.693525318194881,0.417435760215418
