"RNA.1","RNA.2","RNA.3","RNA.4","RNA.5","PROT.1","PROT.2","PROT.3","PROT.4","PROT.5"
0.189884673198685,0.00782954539172351,0.00903180344030261,0.00955818658694625,0.0266957181505859,0.186614011600614,0.16963344309479,0.0971841150894761,0.0991327210329473,0.152257005963475
0.121148838568479,0.189404079131782,0.0911391273140907,0.133605991117656,0.182654073042795,0.154633573442698,0.0395432809833437,0.131471859058365,0.0843601052183658,0.156774257076904
0.12081759464927,0.0695939453784376,0.0207523465156555,0.169707206822932,0.0306499262340367,0.160921880835667,0.0508839640766382,0.072445750143379,0.046190233156085,0.0541329473257065
0.0622510476969182,0.140931941568851,0.0654739038553089,0.115325631806627,0.14891526568681,0.170695165824145,0.0649329468607902,0.0436239970382303,0.117947117332369,0.0156876364257187
