"W.gene6","W.gene7","W.gene8","W.gene9","W.gene10","W.gene11","W.gene12","W.gene13","W.gene14","W.gene15","W.gene16","W.gene17","W.gene18","W.gene19","W.gene20","W.gene21"
13.7360696189098,13.0586978707809,11.9564687813587,13.064170270425,1.9638377754425,0.816048367057638,1.17406542533293,2.0262917558054,0.121764748586022,0.879443892305377,1.15664027960812,2.97511867310939,1.62192128422627,0.363027263284052,0,0.982783952944993
0.0716917742516912,0.190138303235687,0.838211447208812,0.219384202892353,10.4055078493822,10.4577099178627,10.5690217330479,10.1291152978181,0.529824008221361,0.60942322759936,0.138506597121775,1.28849938530233,0.848785956707759,1.81739435181637,1.18726225090646,1.40554687479606
1.76387115503957,1.55921457327072,1.67264782299073,0.447151791619991,0,1.12822475063416,0.723957009199842,1.71528523755149,1.51963562538301,1.73243460775718,0.537503509944602,0.874363101840096,11.7774533376088,12.8601935770813,12.1319559288746,12.9038597583197
1.03817674886536,2.09760226419712,1.99167133731815,3.1710429978334,0.460063123745887,0.476491392695149,0.0868378562560203,0.224260299754802,14.1052182816357,12.9472649199104,13.5815551224083,10.8974427758554,2.95415280490747,1.61338864794074,3.00485427624775,2.05059120237109
